週,企業ID,企業名,フェーズ,売上高,売上原価,原価率,売上総利益,粗利率,人件費計,人件費率,地代家賃計,家賃率,広告宣伝費,広告費率,営業利益,営業利益率,支払利息,特別利益,当期純利益,純利益率,人件費(生産),人件費(開発),人件費(営業),人件費(人事),人件費(広報),人件費(経理),人件費(店舗),家賃(工場),家賃(オフィス),家賃(店舗),材料費(CF),商品仕入(CF),設備投資(CF)
1,2,Rapid Group,STABLE,0,0,0.0%,0,0.0%,83803076.92307693,0.0%,23920000,0.0%,20000000,0.0%,-127723076.92307693,0.0%,0,0,-127723076.92307693,0.0%,45440000.00000001,12566153.846153848,3052307.6923076925,18055384.615384616,2190769.2307692305,2498461.5384615385,0,9720000,14200000,0,54000000,0,0
1,3,Zenith Industries,STABLE,0,0,0.0%,0,0.0%,85021538.46153848,0.0%,24000000,0.0%,20000000,0.0%,-129021538.46153848,0.0%,0,0,-129021538.46153848,0.0%,47310769.23076924,12492307.692307694,3113846.1538461535,17046153.846153848,2129230.769230769,2929230.769230769,0,9600000,14400000,0,52800000,0,0
1,4,Cyber Inc.,STABLE,0,0,0.0%,0,0.0%,84393846.15384617,0.0%,22920000,0.0%,20000000,0.0%,-127313846.15384617,0.0%,0,0,-127313846.15384617,0.0%,45452307.69230771,13169230.769230772,3360000.0000000005,17316923.07692308,2240000,2855384.6153846155,0,9720000,13200000,0,52800000,0,0
1,5,Aero Ltd.,STABLE,0,0,0.0%,0,0.0%,84750769.23076923,0.0%,24720000,0.0%,20000000,0.0%,-129470769.23076923,0.0%,0,0,-129470769.23076923,0.0%,46461538.46153846,12713846.153846154,3520000,16996923.076923076,2350769.230769231,2707692.3076923075,0,10320000,14400000,0,40800000,0,0
1,6,Eco Automotive,STABLE,0,0,0.0%,0,0.0%,83766153.84615386,0.0%,23960000,0.0%,20000000,0.0%,-127726153.84615386,0.0%,0,0,-127726153.84615386,0.0%,46400000.00000001,12750769.230769228,2916923.0769230765,17193846.153846156,2178461.5384615385,2326153.846153846,0,10560000,13400000,0,55200000,0,0
1,7,Omega Co.,STABLE,0,0,0.0%,0,0.0%,84627692.3076923,0.0%,23160000,0.0%,20000000,0.0%,-127787692.3076923,0.0%,0,0,-127787692.3076923,0.0%,45833846.15384615,12959999.999999996,3236923.076923077,17489230.769230768,2215384.6153846155,2892307.692307692,0,9960000,13200000,0,20400000,0,0
1,8,Eco Works,STABLE,0,0,0.0%,0,0.0%,85920000.00000001,0.0%,23040000,0.0%,20000000,0.0%,-128960000.00000001,0.0%,0,0,-128960000.00000001,0.0%,46190769.23076924,13353846.153846152,3840000.0000000005,17476923.07692308,2350769.230769231,2707692.307692308,0,10440000,12600000,0,37200000,0,0
1,9,Galaxy Automotive,STABLE,0,0,0.0%,0,0.0%,83790769.23076923,0.0%,22920000,0.0%,20000000,0.0%,-126710769.23076923,0.0%,0,0,-126710769.23076923,0.0%,46141538.461538464,11975384.615384612,2572307.692307692,17993846.153846152,2006153.8461538462,3101538.4615384615,0,9720000,13200000,0,60000000,0,0
1,10,ガレージアベニュー,STABLE,756000000,643995915,85.2%,112004085,14.8%,21575384.615384612,2.9%,9275000,1.2%,20000000,2.6%,61153700.38461539,8.1%,0,0,61153700.38461539,8.1%,0,0,1280000,5353846.153846154,1009230.7692307692,1735384.6153846155,12196923.076923074,0,4400000,4875000,0,0,0
1,11,サンシャインランド,STABLE,820800000,700507621,85.3%,120292379,14.7%,22289230.76923077,2.7%,9615000,1.2%,20000000,2.4%,68388148.23076923,8.3%,0,0,68388148.23076923,8.3%,0,0,1230769.2307692308,5636923.076923076,984615.3846153846,1809230.7692307695,12627692.30769231,0,3600000,6015000,0,0,0
1,12,サンシャインランド,STABLE,529200000,450732698,85.2%,78467302,14.8%,21280000.0,4.0%,11680000,2.2%,20000000,3.8%,25507302.0,4.8%,0,0,25507302.0,4.8%,0,0,1120000,5870769.230769231,1083076.923076923,1378461.5384615385,11827692.307692308,0,4000000,7680000,0,0,0
2,2,Rapid Group,STABLE,15600980,6000000,38.5%,9600980,61.5%,84283076.92307693,540.2%,23920000,153.3%,16000000,102.6%,-114602096.92307693,-734.6%,0,0,-114602096.92307693,-734.6%,45440000.00000001,12566153.846153848,3532307.6923076925,18055384.615384616,2190769.2307692305,2498461.5384615385,0,9720000,14200000,0,0,0,0
2,3,Zenith Industries,STABLE,231498184,87600000,37.8%,143898184,62.2%,86043076.92307693,37.2%,24000000,10.4%,16000000,6.9%,17855107.076923072,7.7%,0,0,17855107.076923072,7.7%,47310769.23076924,12492307.692307694,4135384.615384615,17046153.846153848,2129230.769230769,2929230.769230769,0,9600000,14400000,0,38400000,0,0
2,4,Cyber Inc.,STABLE,0,0,0.0%,0,0.0%,85932307.69230771,0.0%,22920000,0.0%,16000000,0.0%,-124852307.69230771,0.0%,0,0,-124852307.69230771,0.0%,45452307.69230771,13169230.769230772,4898461.538461539,17316923.07692308,2240000,2855384.6153846155,0,9720000,13200000,0,0,0,0
2,5,Aero Ltd.,STABLE,149986992,57600000,38.4%,92386992,61.6%,86190769.23076923,57.5%,24720000,16.5%,16000000,10.7%,-34523777.23076923,-23.0%,0,0,-34523777.23076923,-23.0%,46461538.46153846,12713846.153846154,4960000,16996923.076923076,2350769.230769231,2707692.3076923075,0,10320000,14400000,0,32400000,0,0
2,6,Eco Automotive,STABLE,150218400,57600000,38.3%,92618400,61.7%,83766153.84615386,55.8%,23960000,16.0%,16000000,10.7%,-31107753.846153855,-20.7%,0,0,-31107753.846153855,-20.7%,46400000.00000001,12750769.230769228,2916923.0769230765,17193846.153846156,2178461.5384615385,2326153.846153846,0,10560000,13400000,0,30000000,0,0
2,7,Omega Co.,STABLE,541424793,202800000,37.5%,338624793,62.5%,85772307.69230768,15.8%,23160000,4.3%,17000000,3.1%,212692485.30769232,39.3%,0,0,212692485.30769232,39.3%,45833846.15384615,12959999.999999996,4381538.461538462,17489230.769230768,2215384.6153846155,2892307.692307692,0,9960000,13200000,0,130800000,0,0
2,8,Eco Works,STABLE,492019944,187200000,38.0%,304819944,62.0%,87495384.61538462,17.8%,23040000,4.7%,16000000,3.3%,178284559.38461536,36.2%,0,0,178284559.38461536,36.2%,46190769.23076924,13353846.153846152,5415384.615384615,17476923.07692308,2350769.230769231,2707692.307692308,0,10440000,12600000,0,132000000,0,0
2,9,Galaxy Automotive,STABLE,0,0,0.0%,0,0.0%,85181538.46153846,0.0%,22920000,0.0%,16000000,0.0%,-124101538.46153846,0.0%,0,0,-124101538.46153846,0.0%,46141538.461538464,11975384.615384612,3963076.9230769225,17993846.153846152,2006153.8461538462,3101538.4615384615,0,9720000,13200000,0,0,0,0
2,10,ガレージアベニュー,GROWTH,777448889,665476654,85.6%,111972235,14.4%,23999999.999999996,3.1%,9275000,1.2%,34000000,4.4%,44697235.0,5.7%,0,0,44697235.0,5.7%,0,0,1280000,5353846.153846154,1009230.7692307692,1735384.6153846155,14621538.461538458,0,4400000,4875000,0,791536265,0
2,11,サンシャインランド,GROWTH,804665279,688616160,85.6%,116049119,14.4%,24726153.84615385,3.1%,9615000,1.2%,35000000,4.3%,46707965.153846145,5.8%,0,0,46707965.153846145,5.8%,0,0,1230769.2307692308,5636923.076923076,984615.3846153846,1809230.7692307695,15064615.38461539,0,3600000,6015000,0,3171208,0
2,12,サンシャインランド,GROWTH,641330047,548047514,85.5%,93282533,14.5%,23126153.846153848,3.6%,11680000,1.8%,29000000,4.5%,29476379.153846152,4.6%,0,0,29476379.153846152,4.6%,0,0,1120000,5870769.230769231,1083076.923076923,1378461.5384615385,13673846.153846154,0,4000000,7680000,0,786041820,0
3,2,Rapid Group,STABLE,532492920,216000000,40.6%,316492920,59.4%,85255384.61538462,16.0%,23920000,4.5%,14000000,2.6%,193317535.38461536,36.3%,0,0,193317535.38461536,36.3%,45440000.00000001,12566153.846153848,4504615.384615385,18055384.615384616,2190769.2307692305,2498461.5384615385,0,9720000,14200000,0,63600000,0,0
3,3,Zenith Industries,STABLE,534607692,213600000,40.0%,321007692,60.0%,87593846.15384616,16.4%,24000000,4.5%,17000000,3.2%,192413845.84615386,36.0%,0,0,192413845.84615386,36.0%,47310769.23076924,12492307.692307694,5686153.846153847,17046153.846153848,2129230.769230769,2929230.769230769,0,9600000,14400000,0,136800000,0,0
3,4,Cyber Inc.,STABLE,132433488,52800000,39.9%,79633488,60.1%,87532307.69230771,66.1%,22920000,17.3%,13000000,9.8%,-43818819.69230771,-33.1%,0,0,-43818819.69230771,-33.1%,45452307.69230771,13169230.769230772,6498461.538461539,17316923.07692308,2240000,2855384.6153846155,0,9720000,13200000,0,0,0,0
3,5,Aero Ltd.,STABLE,151187052,61200000,40.5%,89987052,59.5%,87064615.38461538,57.6%,24720000,16.4%,16000000,10.6%,-37797563.38461538,-25.0%,0,0,-37797563.38461538,-25.0%,46461538.46153846,12713846.153846154,5833846.153846154,16996923.076923076,2350769.230769231,2707692.3076923075,0,10320000,14400000,0,43200000,0,0
3,6,Eco Automotive,STABLE,156816506,63600000,40.6%,93216506,59.4%,84221538.46153846,53.7%,23960000,15.3%,16000000,10.2%,-30965032.461538464,-19.7%,0,0,-30965032.461538464,-19.7%,46400000.00000001,12750769.230769228,3372307.692307692,17193846.153846156,2178461.5384615385,2326153.846153846,0,10560000,13400000,0,34800000,0,0
3,7,Omega Co.,STABLE,415461150,162000000,39.0%,253461150,61.0%,86929230.76923077,20.9%,23160000,5.6%,22000000,5.3%,121371919.23076923,29.2%,0,0,121371919.23076923,29.2%,45833846.15384615,12959999.999999996,5538461.538461539,17489230.769230768,2215384.6153846155,2892307.692307692,0,9960000,13200000,0,130800000,0,0
3,8,Eco Works,STABLE,515160756,208800000,40.5%,306360756,59.5%,88972307.6923077,17.3%,23040000,4.5%,21000000,4.1%,173348448.3076923,33.6%,0,0,173348448.3076923,33.6%,46190769.23076924,13353846.153846152,6892307.692307692,17476923.07692308,2350769.230769231,2707692.307692308,0,10440000,12600000,0,132000000,0,0
3,9,Galaxy Automotive,STABLE,99941300,40800000,40.8%,59141300,59.2%,86227692.3076923,86.3%,22920000,22.9%,13000000,13.0%,-63006392.307692304,-63.0%,0,0,-63006392.307692304,-63.0%,46141538.461538464,11975384.615384612,5009230.769230769,17993846.153846152,2006153.8461538462,3101538.4615384615,0,9720000,13200000,0,0,0,0
3,10,ガレージアベニュー,GROWTH,953998220,863145600,90.5%,90852620,9.5%,26473846.153846152,2.8%,9275000,1.0%,32000000,3.4%,23103773.846153855,2.4%,0,0,23103773.846153855,2.4%,0,0,1280000,5353846.153846154,1009230.7692307692,1735384.6153846155,17095384.615384612,0,4400000,4875000,0,1421342442,48000000
3,11,サンシャインランド,GROWTH,333869503,294760967,88.3%,39108536,11.7%,27076923.07692308,8.1%,9615000,2.9%,50000000,15.0%,-47583387.07692307,-14.3%,0,0,-47583387.07692307,-14.3%,0,0,1230769.2307692308,5636923.076923076,984615.3846153846,1809230.7692307695,17415384.61538462,0,3600000,6015000,0,115373466,0
3,12,サンシャインランド,GROWTH,711612894,635271362,89.3%,76341532,10.7%,25083076.923076924,3.5%,11680000,1.6%,25000000,3.5%,14578455.076923072,2.0%,0,0,14578455.076923072,2.0%,0,0,1120000,5870769.230769231,1083076.923076923,1378461.5384615385,15630769.230769232,0,4000000,7680000,0,1001384956,0
4,2,Rapid Group,STABLE,237428520,100800000,42.5%,136628520,57.5%,86818461.53846155,36.6%,23920000,10.1%,21000000,8.8%,4890058.461538449,2.1%,0,0,4890058.461538449,2.1%,45440000.00000001,12566153.846153848,6067692.307692308,18055384.615384616,2190769.2307692305,2498461.5384615385,0,9720000,14200000,0,134400000,0,0
4,3,Zenith Industries,STABLE,271256634,111600000,41.1%,159656634,58.9%,88750769.23076925,32.7%,24000000,8.8%,23000000,8.5%,23905864.769230753,8.8%,0,0,23905864.769230753,8.8%,47310769.23076924,12492307.692307694,6843076.923076924,17046153.846153848,2129230.769230769,2929230.769230769,0,9600000,14400000,0,138000000,0,0
4,4,Cyber Inc.,STABLE,32220991,13200000,41.0%,19020991,59.0%,89329230.7692308,277.2%,22920000,71.1%,14000000,43.4%,-107228239.7692308,-332.8%,0,0,-107228239.7692308,-332.8%,45452307.69230771,13169230.769230772,8295384.615384616,17316923.07692308,2240000,2855384.6153846155,0,9720000,13200000,0,0,0,0
4,5,Aero Ltd.,STABLE,456064668,194400000,42.6%,261664668,57.4%,88800000.0,19.5%,24720000,5.4%,16000000,3.5%,132144668.0,29.0%,0,0,132144668.0,29.0%,46461538.46153846,12713846.153846154,7569230.76923077,16996923.076923076,2350769.230769231,2707692.3076923075,0,10320000,14400000,0,135600000,0,0
4,6,Eco Automotive,STABLE,169046760,72000000,42.6%,97046760,57.4%,85267692.30769232,50.4%,23960000,14.2%,16000000,9.5%,-28180932.30769232,-16.7%,0,0,-28180932.30769232,-16.7%,46400000.00000001,12750769.230769228,4418461.538461538,17193846.153846156,2178461.5384615385,2326153.846153846,0,10560000,13400000,0,0,0,0
4,7,Omega Co.,STABLE,345566403,140400000,40.6%,205166403,59.4%,88110769.23076922,25.5%,23160000,6.7%,25000000,7.2%,68895633.76923078,19.9%,0,0,68895633.76923078,19.9%,45833846.15384615,12959999.999999996,6720000,17489230.769230768,2215384.6153846155,2892307.692307692,0,9960000,13200000,0,130800000,0,0
4,8,Eco Works,STABLE,226549200,96000000,42.4%,130549200,57.6%,90486153.84615386,39.9%,23040000,10.2%,26000000,11.5%,-8976953.846153855,-4.0%,0,0,-8976953.846153855,-4.0%,46190769.23076924,13353846.153846152,8406153.846153846,17476923.07692308,2350769.230769231,2707692.307692308,0,10440000,12600000,0,132000000,0,0
4,9,Galaxy Automotive,STABLE,0,0,0.0%,0,0.0%,87360000.0,0.0%,22920000,0.0%,13000000,0.0%,-123280000.0,0.0%,0,0,-123280000.0,0.0%,46141538.461538464,11975384.615384612,6141538.46153846,17993846.153846152,2006153.8461538462,3101538.4615384615,0,9720000,13200000,0,0,0,0
4,10,ガレージアベニュー,GROWTH,1099020709,989118637,90.0%,109902072,10.0%,28627692.30769231,2.6%,9275000,0.8%,20000000,1.8%,51999379.69230769,4.7%,0,0,51999379.69230769,4.7%,0,0,1280000,5353846.153846154,1009230.7692307692,1735384.6153846155,19249230.76923077,0,4400000,4875000,0,345566403,0
4,11,サンシャインランド,GROWTH,617517626,555765863,90.0%,61751763,10.0%,29550769.230769232,4.8%,9615000,1.6%,50000000,8.1%,-27414006.230769232,-4.4%,0,0,-27414006.230769232,-4.4%,0,0,1230769.2307692308,5636923.076923076,984615.3846153846,1809230.7692307695,19889230.76923077,0,3600000,6015000,0,625111428,0
4,12,サンシャインランド,GROWTH,746895340,672205804,90.0%,74689536,10.0%,27876923.076923076,3.7%,11680000,1.6%,18000000,2.4%,17132612.923076928,2.3%,0,0,17132612.923076928,2.3%,0,0,1120000,5870769.230769231,1083076.923076923,1378461.5384615385,18424615.384615384,0,4000000,7680000,0,767455345,0
5,2,Rapid Group,STABLE,321181143,135600000,42.2%,185581143,57.8%,88455384.61538462,27.5%,23920000,7.4%,20000000,6.2%,53205758.38461538,16.6%,0,0,53205758.38461538,16.6%,45440000.00000001,12566153.846153848,7704615.384615385,18055384.615384616,2190769.2307692305,2498461.5384615385,0,9720000,14200000,0,135600000,0,0
5,3,Zenith Industries,STABLE,395913560,164400000,41.5%,231513560,58.5%,89710769.23076925,22.7%,24000000,6.1%,23000000,5.8%,94802790.76923075,23.9%,0,0,94802790.76923075,23.9%,47310769.23076924,12492307.692307694,7803076.923076924,17046153.846153848,2129230.769230769,2929230.769230769,0,9600000,14400000,0,136800000,0,0
5,4,Cyber Inc.,STABLE,381121470,162000000,42.5%,219121470,57.5%,91249230.7692308,23.9%,22920000,6.0%,12000000,3.1%,92952239.2307692,24.4%,0,0,92952239.2307692,24.4%,45452307.69230771,13169230.769230772,10215384.615384614,17316923.07692308,2240000,2855384.6153846155,0,9720000,13200000,0,57600000,0,0
5,5,Aero Ltd.,STABLE,334000632,142800000,42.8%,191200632,57.2%,89883076.92307691,26.9%,24720000,7.4%,19000000,5.7%,57597555.07692309,17.2%,0,0,57597555.07692309,17.2%,46461538.46153846,12713846.153846154,8652307.692307694,16996923.076923076,2350769.230769231,2707692.3076923075,0,10320000,14400000,0,135600000,0,0
5,6,Eco Automotive,STABLE,0,0,0.0%,0,0.0%,86744615.38461539,0.0%,23960000,0.0%,17000000,0.0%,-127704615.38461539,0.0%,0,0,-127704615.38461539,0.0%,46400000.00000001,12750769.230769228,5895384.615384614,17193846.153846156,2178461.5384615385,2326153.846153846,0,10560000,13400000,0,57600000,0,0
5,7,Omega Co.,GROWTH,0,0,0.0%,0,0.0%,90461538.46153845,0.0%,23160000,0.0%,27000000,0.0%,-140621538.46153843,0.0%,0,0,-140621538.46153843,0.0%,45833846.15384615,12959999.999999996,9070769.230769232,17489230.769230768,2215384.6153846155,2892307.692307692,0,9960000,13200000,0,132000000,0,0
5,8,Eco Works,STABLE,355851774,141600000,39.8%,214251774,60.2%,92233846.15384616,25.9%,23040000,6.5%,25000000,7.0%,73977927.84615386,20.8%,0,0,73977927.84615386,20.8%,46190769.23076924,13353846.153846152,10153846.153846154,17476923.07692308,2350769.230769231,2707692.307692308,0,10440000,12600000,0,133200000,0,0
5,9,Galaxy Automotive,STABLE,87290973,39600000,45.4%,47690973,54.6%,87901538.46153846,100.7%,22920000,26.3%,10000000,11.5%,-73130565.46153846,-83.8%,0,0,-73130565.46153846,-83.8%,46141538.461538464,11975384.615384612,6683076.923076922,17993846.153846152,2006153.8461538462,3101538.4615384615,0,9720000,13200000,0,0,0,0
5,10,ガレージアベニュー,GROWTH,583134893,524821402,90.0%,58313491,10.0%,30658461.53846154,5.3%,9275000,1.6%,34000000,5.8%,-15619970.538461536,-2.7%,0,0,-15619970.538461536,-2.7%,0,0,1280000,5353846.153846154,1009230.7692307692,1735384.6153846155,21280000,0,4400000,4875000,0,412910150,0
5,11,サンシャインランド,GROWTH,1137014380,1023312941,90.0%,113701439,10.0%,32123076.923076928,2.8%,9615000,0.8%,0,0.0%,71963362.07692307,6.3%,0,0,71963362.07692307,6.3%,0,0,1230769.2307692308,5636923.076923076,984615.3846153846,1809230.7692307695,22461538.461538468,0,3600000,6015000,0,1462449402,0
5,12,サンシャインランド,GROWTH,899732644,809759378,90.0%,89973266,10.0%,30338461.53846154,3.4%,11680000,1.3%,16000000,1.8%,31954804.461538464,3.6%,0,0,31954804.461538464,3.6%,0,0,1120000,5870769.230769231,1083076.923076923,1378461.5384615385,20886153.846153848,0,4000000,7680000,0,0,0
6,2,Rapid Group,STABLE,399169308,169200000,42.4%,229969308,57.6%,90326153.84615386,22.6%,23920000,6.0%,21000000,5.3%,94723154.15384614,23.7%,0,0,94723154.15384614,23.7%,45440000.00000001,12566153.846153848,9575384.615384616,18055384.615384616,2190769.2307692305,2498461.5384615385,0,9720000,14200000,0,135600000,0,0
6,3,Zenith Industries,STABLE,0,0,0.0%,0,0.0%,90806153.84615386,0.0%,24000000,0.0%,25000000,0.0%,-139806153.84615386,0.0%,0,0,-139806153.84615386,0.0%,47310769.23076924,12492307.692307694,8898461.538461538,17046153.846153848,2129230.769230769,2929230.769230769,0,9600000,14400000,0,136800000,0,0
6,4,Cyber Inc.,STABLE,0,0,0.0%,0,0.0%,92295384.61538464,0.0%,22920000,0.0%,16000000,0.0%,-131215384.61538464,0.0%,0,0,-131215384.61538464,0.0%,45452307.69230771,13169230.769230772,11261538.46153846,17316923.07692308,2240000,2855384.6153846155,0,9720000,13200000,0,54000000,0,0
6,5,Aero Ltd.,STABLE,0,0,0.0%,0,0.0%,91569230.76923077,0.0%,24720000,0.0%,21000000,0.0%,-137289230.76923078,0.0%,0,0,-137289230.76923078,0.0%,46461538.46153846,12713846.153846154,10338461.53846154,16996923.076923076,2350769.230769231,2707692.3076923075,0,10320000,14400000,0,134400000,0,0
6,6,Eco Automotive,STABLE,61962494,26400000,42.6%,35562494,57.4%,87827692.30769232,141.7%,23960000,38.7%,13000000,21.0%,-89225198.30769232,-144.0%,0,0,-89225198.30769232,-144.0%,46400000.00000001,12750769.230769228,6978461.538461538,17193846.153846156,2178461.5384615385,2326153.846153846,0,10560000,13400000,0,0,0,0
6,7,Omega Co.,STABLE,370608102,147600000,39.8%,223008102,60.2%,92332307.6923077,24.9%,23160000,6.2%,21000000,5.7%,86515794.30769229,23.3%,0,0,86515794.30769229,23.3%,45833846.15384615,12959999.999999996,10941538.461538466,17489230.769230768,2215384.6153846155,2892307.692307692,0,9960000,13200000,0,130800000,0,0
6,8,Eco Works,STABLE,9119526,3600000,39.5%,5519526,60.5%,92984615.38461539,1019.6%,23040000,252.6%,27000000,296.1%,-137505089.3846154,-1507.8%,0,0,-137505089.3846154,-1507.8%,46190769.23076924,13353846.153846152,10904615.384615384,17476923.07692308,2350769.230769231,2707692.307692308,0,10440000,12600000,0,133200000,0,40000000
6,9,Galaxy Automotive,STABLE,0,0,0.0%,0,0.0%,87901538.46153846,0.0%,22920000,0.0%,10000000,0.0%,-120821538.46153846,0.0%,0,0,-120821538.46153846,0.0%,46141538.461538464,11975384.615384612,6683076.923076922,17993846.153846152,2006153.8461538462,3101538.4615384615,0,9720000,13200000,0,0,0,0
6,10,ガレージアベニュー,GROWTH,814483445,733035099,90.0%,81448346,10.0%,33144615.384615384,4.1%,9275000,1.1%,36000000,4.4%,3028730.6153846085,0.4%,0,0,3028730.6153846085,0.4%,0,0,1280000,5353846.153846154,1009230.7692307692,1735384.6153846155,23766153.846153844,0,4400000,4875000,0,432570596,0
6,11,サンシャインランド,GROWTH,944019101,877395600,92.9%,66623501,7.1%,34929230.769230776,3.7%,9615000,1.0%,43000000,4.6%,-20920729.769230783,-2.2%,0,0,-20920729.769230783,-2.2%,0,0,1230769.2307692308,5636923.076923076,984615.3846153846,1809230.7692307695,25267692.30769231,0,3600000,6015000,0,408288834,0
6,12,サンシャインランド,GROWTH,910143424,819129080,90.0%,91014344,10.0%,32590769.230769232,3.6%,11680000,1.3%,33000000,3.6%,13743574.769230768,1.5%,0,0,13743574.769230768,1.5%,0,0,1120000,5870769.230769231,1083076.923076923,1378461.5384615385,23138461.53846154,0,4000000,7680000,0,0,0
7,2,Rapid Group,STABLE,0,0,0.0%,0,0.0%,91483076.92307693,0.0%,23920000,0.0%,24000000,0.0%,-139403076.92307693,0.0%,0,0,-139403076.92307693,0.0%,45440000.00000001,12566153.846153848,10732307.692307694,18055384.615384616,2190769.2307692305,2498461.5384615385,0,9720000,14200000,0,135600000,0,0
7,3,Zenith Industries,STABLE,260056080,108000000,41.5%,152056080,58.5%,91975384.61538462,35.4%,24000000,9.2%,19000000,7.3%,17080695.38461536,6.6%,0,0,17080695.38461536,6.6%,47310769.23076924,12492307.692307694,10067692.307692308,17046153.846153848,2129230.769230769,2929230.769230769,0,9600000,14400000,0,138000000,0,0
7,4,Cyber Inc.,STABLE,0,0,0.0%,0,0.0%,93649230.7692308,0.0%,22920000,0.0%,12000000,0.0%,-128569230.7692308,0.0%,0,0,-128569230.7692308,0.0%,45452307.69230771,13169230.769230772,12615384.615384614,17316923.07692308,2240000,2855384.6153846155,0,9720000,13200000,0,19200000,0,20000000
7,5,Aero Ltd.,STABLE,403512395,171600000,42.5%,231912395,57.5%,92800000.0,23.0%,24720000,6.1%,15000000,3.7%,99392395.0,24.6%,0,0,99392395.0,24.6%,46461538.46153846,12713846.153846154,11569230.76923077,16996923.076923076,2350769.230769231,2707692.3076923075,0,10320000,14400000,0,136800000,0,0
7,6,Eco Automotive,STABLE,429451156,177600000,41.4%,251851156,58.6%,87827692.30769232,20.5%,23960000,5.6%,12000000,2.8%,128063463.69230768,29.8%,0,0,128063463.69230768,29.8%,46400000.00000001,12750769.230769228,6978461.538461538,17193846.153846156,2178461.5384615385,2326153.846153846,0,10560000,13400000,0,108000000,0,0
7,7,Omega Co.,STABLE,566973032,225600000,39.8%,341373032,60.2%,94178461.53846154,16.6%,23160000,4.1%,23000000,4.1%,201034570.46153846,35.5%,0,0,201034570.46153846,35.5%,45833846.15384615,12959999.999999996,12787692.30769231,17489230.769230768,2215384.6153846155,2892307.692307692,0,9960000,13200000,0,132000000,0,0
7,8,Eco Works,STABLE,0,0,0.0%,0,0.0%,95003076.92307693,0.0%,23040000,0.0%,20000000,0.0%,-138043076.92307693,0.0%,0,0,-138043076.92307693,0.0%,46190769.23076924,13353846.153846152,12923076.923076922,17476923.07692308,2350769.230769231,2707692.307692308,0,10440000,12600000,0,51600000,0,20000000
7,9,Galaxy Automotive,STABLE,0,0,0.0%,0,0.0%,88418461.53846154,0.0%,22920000,0.0%,7000000,0.0%,-118338461.53846154,0.0%,772576,0,-119111037.53846154,0.0%,46141538.461538464,11975384.615384612,7199999.999999999,17993846.153846152,2006153.8461538462,3101538.4615384615,0,9720000,13200000,0,0,0,0
7,10,ガレージアベニュー,GROWTH,841914162,757722745,90.0%,84191417,10.0%,35273846.15384615,4.2%,9275000,1.1%,0,0.0%,39642570.84615385,4.7%,0,0,39642570.84615385,4.7%,0,0,1280000,5353846.153846154,1009230.7692307692,1735384.6153846155,25895384.615384616,0,4400000,4875000,0,260056080,0
7,11,サンシャインランド,GROWTH,1115870698,1004283627,90.0%,111587071,10.0%,37587692.30769231,3.4%,9615000,0.9%,0,0.0%,64384378.69230769,5.8%,0,0,64384378.69230769,5.8%,0,0,1230769.2307692308,5636923.076923076,984615.3846153846,1809230.7692307695,27926153.846153848,0,3600000,6015000,0,1399936583,0
7,12,サンシャインランド,GROWTH,148338648,133504783,90.0%,14833865,10.0%,34264615.384615384,23.1%,11680000,7.9%,50000000,33.7%,-81110750.38461539,-54.7%,0,0,-81110750.38461539,-54.7%,0,0,1120000,5870769.230769231,1083076.923076923,1378461.5384615385,24812307.692307692,0,4000000,7680000,0,0,0
8,2,Rapid Group,STABLE,343347675,135600000,39.5%,207747675,60.5%,93329230.76923078,27.2%,23920000,7.0%,18000000,5.2%,72498444.23076922,21.1%,0,0,72498444.23076922,21.1%,45440000.00000001,12566153.846153848,12578461.53846154,18055384.615384616,2190769.2307692305,2498461.5384615385,0,9720000,14200000,0,135600000,0,0
8,3,Zenith Industries,STABLE,739993212,302400000,40.9%,437593212,59.1%,93058461.53846155,12.6%,24000000,3.2%,19000000,2.6%,301534750.46153843,40.7%,0,0,301534750.46153843,40.7%,47310769.23076924,12492307.692307694,11150769.230769232,17046153.846153848,2129230.769230769,2929230.769230769,0,9600000,14400000,0,138000000,0,0
8,4,Cyber Inc.,STABLE,359959194,151200000,42.0%,208759194,58.0%,94116923.0769231,26.1%,22920000,6.4%,9000000,2.5%,82722270.9230769,23.0%,772615,0,81949655.9230769,22.8%,45452307.69230771,13169230.769230772,13083076.923076924,17316923.07692308,2240000,2855384.6153846155,0,9720000,13200000,0,0,0,20000000
8,5,Aero Ltd.,STABLE,0,0,0.0%,0,0.0%,94830769.23076923,0.0%,24720000,0.0%,18000000,0.0%,-137550769.23076922,0.0%,0,0,-137550769.23076922,0.0%,46461538.46153846,12713846.153846154,13600000,16996923.076923076,2350769.230769231,2707692.3076923075,0,10320000,14400000,0,135600000,0,0
8,6,Eco Automotive,STABLE,0,0,0.0%,0,0.0%,88947692.30769232,0.0%,23960000,0.0%,16000000,0.0%,-128907692.30769232,0.0%,0,0,-128907692.30769232,0.0%,46400000.00000001,12750769.230769228,8098461.538461538,17193846.153846156,2178461.5384615385,2326153.846153846,0,10560000,13400000,0,128400000,0,0
8,7,Omega Co.,GROWTH,0,0,0.0%,0,0.0%,95790769.23076923,0.0%,23160000,0.0%,29000000,0.0%,-147950769.23076922,0.0%,0,0,-147950769.23076922,0.0%,45833846.15384615,12959999.999999996,14400000.000000002,17489230.769230768,2215384.6153846155,2892307.692307692,0,9960000,13200000,0,132000000,0,40000000
8,8,Eco Works,STABLE,192064446,75600000,39.4%,116464446,60.6%,96073846.15384616,50.0%,23040000,12.0%,16000000,8.3%,-18649400.153846145,-9.7%,0,0,-18649400.153846145,-9.7%,46190769.23076924,13353846.153846152,13993846.153846152,17476923.07692308,2350769.230769231,2707692.307692308,0,10440000,12600000,0,0,0,100000000
8,9,Galaxy Automotive,STABLE,0,0,0.0%,0,0.0%,90436923.07692307,0.0%,22920000,0.0%,16000000,0.0%,-129356923.07692307,0.0%,772576,0,-130129499.07692307,0.0%,46141538.461538464,11975384.615384612,9218461.538461536,17993846.153846152,2006153.8461538462,3101538.4615384615,0,9720000,13200000,0,0,0,0
8,10,ガレージアベニュー,GROWTH,1168864038,1051977634,90.0%,116886404,10.0%,37895384.615384616,3.2%,9275000,0.8%,0,0.0%,69716019.38461539,6.0%,0,0,69716019.38461539,6.0%,0,0,1280000,5353846.153846154,1009230.7692307692,1735384.6153846155,28516923.076923076,0,4400000,4875000,0,1099952406,0
8,11,サンシャインランド,GROWTH,593727000,534354299,90.0%,59372701,10.0%,39076923.07692308,6.6%,9615000,1.6%,0,0.0%,10680777.92307692,1.8%,0,0,10680777.92307692,1.8%,0,0,1230769.2307692308,5636923.076923076,984615.3846153846,1809230.7692307695,29415384.61538462,0,3600000,6015000,0,0,0
8,12,サンシャインランド,GROWTH,603852241,543467016,90.0%,60385225,10.0%,37181538.461538464,6.2%,11680000,1.9%,50000000,8.3%,-38476313.461538464,-6.4%,0,0,-38476313.461538464,-6.4%,0,0,1120000,5870769.230769231,1083076.923076923,1378461.5384615385,27729230.769230768,0,4000000,7680000,0,535412121,0
9,2,Rapid Group,STABLE,584073600,230400000,39.4%,353673600,60.6%,95040000.00000001,16.3%,23920000,4.1%,20000000,3.4%,214713600.0,36.8%,0,0,214713600.0,36.8%,45440000.00000001,12566153.846153848,14289230.769230772,18055384.615384616,2190769.2307692305,2498461.5384615385,0,9720000,14200000,0,135600000,0,0
9,3,Zenith Industries,GROWTH,0,0,0.0%,0,0.0%,95298461.53846155,0.0%,24000000,0.0%,29000000,0.0%,-148298461.53846157,0.0%,0,0,-148298461.53846157,0.0%,47310769.23076924,12492307.692307694,13390769.230769234,17046153.846153848,2129230.769230769,2929230.769230769,0,9600000,14400000,0,138000000,0,0
9,4,Cyber Inc.,STABLE,0,0,0.0%,0,0.0%,95544615.3846154,0.0%,22920000,0.0%,24000000,0.0%,-142464615.38461542,0.0%,772615,0,-143237230.38461542,0.0%,45452307.69230771,13169230.769230772,14510769.230769232,17316923.07692308,2240000,2855384.6153846155,0,9720000,13200000,0,126000000,0,20000000
9,5,Aero Ltd.,STABLE,0,0,0.0%,0,0.0%,96024615.38461538,0.0%,24720000,0.0%,12000000,0.0%,-132744615.38461538,0.0%,0,0,-132744615.38461538,0.0%,45969230.76923077,12713846.153846154,15286153.846153844,16996923.076923076,2350769.230769231,2707692.3076923075,0,10320000,14400000,0,0,0,0
9,6,Eco Automotive,STABLE,622123038,256800000,41.3%,365323038,58.7%,89895384.61538462,14.4%,23960000,3.9%,10000000,1.6%,241467653.38461536,38.8%,0,0,241467653.38461536,38.8%,45883076.923076935,12750769.230769228,9563076.92307692,17193846.153846156,2178461.5384615385,2326153.846153846,0,10560000,13400000,0,127200000,0,0
9,7,Omega Co.,STABLE,420559995,169200000,40.2%,251359995,59.8%,96344615.38461538,22.9%,23160000,5.5%,23000000,5.5%,108855379.61538464,25.9%,0,0,108855379.61538464,25.9%,45833846.15384615,12959999.999999996,15470769.230769232,16972307.692307696,2215384.6153846155,2892307.692307692,0,9960000,13200000,0,132000000,0,20000000
9,8,Eco Works,STABLE,419547462,165600000,39.5%,253947462,60.5%,97206153.84615386,23.2%,23040000,5.5%,15000000,3.6%,118701308.15384614,28.3%,0,0,118701308.15384614,28.3%,46190769.23076924,13353846.153846152,15126153.846153844,17476923.07692308,2350769.230769231,2707692.307692308,0,10440000,12600000,0,106800000,0,0
9,9,Galaxy Automotive,STABLE,2624324,1200000,45.7%,1424324,54.3%,90436923.07692307,3446.1%,22920000,873.4%,13000000,495.4%,-124932599.07692307,-4760.6%,772576,0,-125705175.07692307,-4790.0%,46141538.461538464,11975384.615384612,9218461.538461536,17993846.153846152,2006153.8461538462,3101538.4615384615,0,9720000,13200000,0,0,0,0
9,10,ガレージアベニュー,GROWTH,1160186127,1044167513,90.0%,116018614,10.0%,40393846.15384615,3.5%,9275000,0.8%,50000000,4.3%,16349767.846153855,1.4%,0,0,16349767.846153855,1.4%,0,0,1280000,5353846.153846154,1009230.7692307692,1735384.6153846155,31015384.615384616,0,4400000,4875000,0,1004633595,0
9,11,サンシャインランド,GROWTH,471558776,441352756,93.6%,30206020,6.4%,41427692.30769231,8.8%,9615000,2.0%,0,0.0%,-20836672.30769231,-4.4%,0,0,-20836672.30769231,-4.4%,0,0,1230769.2307692308,5636923.076923076,984615.3846153846,1809230.7692307695,31766153.846153848,0,3600000,6015000,0,423548882,0
9,12,サンシャインランド,GROWTH,695371395,642784113,92.4%,52587282,7.6%,39593846.15384615,5.7%,11680000,1.7%,0,0.0%,1313435.8461538479,0.2%,0,0,1313435.8461538479,0.2%,0,0,1120000,5870769.230769231,1083076.923076923,1378461.5384615385,30141538.46153846,0,4000000,7680000,0,620745942,0
10,2,Rapid Group,STABLE,397266870,156000000,39.3%,241266870,60.7%,95704615.38461539,24.1%,23920000,6.0%,26000000,6.5%,95642254.61538461,24.1%,0,0,95642254.61538461,24.1%,45440000.00000001,12098461.53846154,15421538.461538464,18055384.615384616,2190769.2307692305,2498461.5384615385,0,9720000,14200000,0,136800000,0,0
10,3,Zenith Industries,STABLE,564423600,234000000,41.5%,330423600,58.5%,96480000.00000001,17.1%,24000000,4.3%,23000000,4.1%,186943600.0,33.1%,0,0,186943600.0,33.1%,47310769.23076924,12492307.692307694,15273846.153846158,17046153.846153848,2129230.769230769,2227692.3076923075,0,9600000,14400000,0,138000000,0,0
10,4,Cyber Inc.,STABLE,210038048,88800000,42.3%,121238048,57.7%,96184615.3846154,45.8%,22920000,10.9%,18000000,8.6%,-15866567.384615421,-7.6%,772615,0,-16639182.384615421,-7.9%,45058461.53846156,13169230.769230772,15544615.384615388,17316923.07692308,2240000,2855384.6153846155,0,9720000,13200000,0,88800000,0,100000000
10,5,Aero Ltd.,STABLE,599145040,249600000,41.7%,349545040,58.3%,95200000.0,15.9%,24720000,4.1%,10000000,1.7%,219625040.0,36.7%,0,0,219625040.0,36.7%,45452307.69230769,11593846.153846154,16098461.538461536,16996923.076923076,2350769.230769231,2707692.3076923075,0,10320000,14400000,0,24000000,0,0
10,6,Eco Automotive,STABLE,0,0,0.0%,0,0.0%,88640000.0,0.0%,23960000,0.0%,18000000,0.0%,-130600000.0,0.0%,0,0,-130600000.0,0.0%,44627692.30769231,12750769.230769228,9563076.92307692,17193846.153846156,2178461.5384615385,2326153.846153846,0,10560000,13400000,0,124800000,0,0
10,7,Omega Co.,STABLE,661989258,262800000,39.7%,399189258,60.3%,95716923.07692307,14.5%,23160000,3.5%,25000000,3.8%,255312334.92307693,38.6%,0,0,255312334.92307693,38.6%,44886153.84615385,12492307.69230769,17403076.923076924,15827692.30769231,2215384.6153846155,2892307.692307692,0,9960000,13200000,0,130800000,0,0
10,8,Eco Works,STABLE,0,0,0.0%,0,0.0%,97206153.84615386,0.0%,23040000,0.0%,19000000,0.0%,-139246153.84615386,0.0%,0,0,-139246153.84615386,0.0%,46190769.23076924,13353846.153846152,15126153.846153844,17476923.07692308,2350769.230769231,2707692.307692308,0,10440000,12600000,0,25200000,0,20000000
10,9,Galaxy Automotive,CRISIS,0,0,0.0%,0,0.0%,89944615.38461538,0.0%,22920000,0.0%,0,0.0%,-112864615.38461538,0.0%,800652,0,-113665267.38461538,0.0%,45649230.76923077,11975384.615384612,9218461.538461536,17993846.153846152,2006153.8461538462,3101538.4615384615,0,9720000,13200000,0,0,0,0
10,10,ガレージアベニュー,GROWTH,1011398211,910258389,90.0%,101139822,10.0%,41366153.84615385,4.1%,9275000,0.9%,0,0.0%,50498668.15384615,5.0%,0,0,50498668.15384615,5.0%,0,0,1280000,4812307.692307692,430769.23076923075,1735384.6153846155,33107692.307692308,0,4400000,4875000,0,907513094,0
10,11,サンシャインランド,GROWTH,1168820588,1082367464,92.6%,86453124,7.4%,44344615.38461539,3.8%,9615000,0.8%,50000000,4.3%,-17506491.38461539,-1.5%,0,0,-17506491.38461539,-1.5%,0,0,1230769.2307692308,5636923.076923076,984615.3846153846,1809230.7692307695,34683076.92307693,0,3600000,6015000,0,1366153322,0
10,12,サンシャインランド,GROWTH,176804100,159123690,90.0%,17680410,10.0%,40947692.30769231,23.2%,11680000,6.6%,0,0.0%,-34947282.30769231,-19.8%,0,0,-34947282.30769231,-19.8%,0,0,1120000,5870769.230769231,1083076.923076923,1378461.5384615385,31495384.615384616,0,4000000,7680000,0,159196400,0
11,2,Rapid Group,GROWTH,0,0,0.0%,0,0.0%,96418461.53846155,0.0%,23920000,0.0%,28000000,0.0%,-148338461.53846157,0.0%,0,0,-148338461.53846157,0.0%,44418461.53846155,12098461.53846154,17156923.07692308,18055384.615384616,2190769.2307692305,2498461.5384615385,0,9720000,14200000,0,133200000,0,100000000
11,3,Zenith Industries,GROWTH,196232615,80400000,41.0%,115832615,59.0%,96160000.00000001,49.0%,24000000,12.2%,28000000,14.3%,-32327385.0,-16.5%,0,0,-32327385.0,-16.5%,46843076.923076935,12492307.692307694,16701538.461538468,16369230.769230768,2129230.769230769,1624615.3846153845,0,9600000,14400000,0,138000000,0,0
11,4,Cyber Inc.,STABLE,398056388,170400000,42.8%,227656388,57.2%,95200000.00000003,23.9%,22920000,5.8%,16000000,4.0%,93536387.99999997,23.5%,772615,0,92763772.99999997,23.3%,44541538.46153848,13169230.769230772,15716923.076923078,17316923.07692308,2240000,2215384.6153846155,0,9720000,13200000,0,124800000,0,0
11,5,Aero Ltd.,STABLE,34424196,14400000,41.8%,20024196,58.2%,94510769.23076923,274.5%,24720000,71.8%,19000000,55.2%,-118206573.23076922,-343.4%,0,0,-118206573.23076922,-343.4%,45033846.15384615,11040000,16873846.153846152,16504615.384615386,2350769.230769231,2707692.3076923075,0,10320000,14400000,0,132000000,0,0
11,6,Eco Automotive,STABLE,0,0,0.0%,0,0.0%,89341538.46153846,0.0%,23960000,0.0%,13000000,0.0%,-126301538.46153846,0.0%,0,0,-126301538.46153846,0.0%,44627692.30769231,12750769.230769228,10264615.384615384,17193846.153846156,2178461.5384615385,2326153.846153846,0,10560000,13400000,0,121200000,0,0
11,7,Omega Co.,GROWTH,0,0,0.0%,0,0.0%,95421538.46153846,0.0%,23160000,0.0%,33000000,0.0%,-151581538.46153846,0.0%,0,0,-151581538.46153846,0.0%,44320000,12492307.69230769,18769230.769230764,15827692.30769231,2215384.6153846155,1796923.076923077,0,9960000,13200000,0,129600000,0,0
11,8,Eco Works,STABLE,0,0,0.0%,0,0.0%,98424615.38461539,0.0%,23040000,0.0%,15000000,0.0%,-136464615.3846154,0.0%,0,0,-136464615.3846154,0.0%,46190769.23076924,13353846.153846152,16344615.384615382,17476923.07692308,2350769.230769231,2707692.307692308,0,10440000,12600000,0,0,0,0
11,9,Galaxy Automotive,CRISIS,2649706,1200000,45.3%,1449706,54.7%,89427692.3076923,3375.0%,22920000,865.0%,0,0.0%,-110897986.3076923,-4185.3%,800652,0,-111698638.3076923,-4215.5%,45132307.692307696,11975384.615384612,9218461.538461536,17993846.153846152,2006153.8461538462,3101538.4615384615,0,9720000,13200000,0,0,0,0
11,10,ガレージアベニュー,GROWTH,663192586,613756602,92.5%,49435984,7.5%,43187692.30769231,6.5%,9275000,1.4%,0,0.0%,-3026708.3076923117,-0.5%,0,0,-3026708.3076923117,-0.5%,0,0,1280000,4812307.692307692,430769.23076923075,1735384.6153846155,34929230.769230776,0,4400000,4875000,0,594289003,0
11,11,サンシャインランド,GROWTH,348692006,313694846,90.0%,34997160,10.0%,47187692.30769231,13.5%,9615000,2.8%,0,0.0%,-21805532.30769231,-6.3%,0,0,-21805532.30769231,-6.3%,0,0,1230769.2307692308,5636923.076923076,984615.3846153846,1809230.7692307695,37526153.84615385,0,3600000,6015000,0,2649706,0
11,12,サンシャインランド,GROWTH,38900712,35010640,90.0%,3890072,10.0%,42609230.76923077,109.5%,11680000,30.0%,0,0.0%,-50399158.76923077,-129.6%,0,0,-50399158.76923077,-129.6%,0,0,1120000,5870769.230769231,1083076.923076923,1378461.5384615385,33156923.076923076,0,4000000,7680000,0,34424196,0
12,2,Rapid Group,STABLE,403290967,157200000,39.0%,246090967,61.0%,94190769.23076925,23.4%,23920000,5.9%,20000000,5.0%,107980197.76923075,26.8%,0,0,107980197.76923075,26.8%,43384615.3846154,10756923.076923078,17304615.384615384,18055384.615384616,2190769.2307692305,2498461.5384615385,0,9720000,14200000,0,129600000,0,0
12,3,Zenith Industries,STABLE,512929900,210000000,40.9%,302929900,59.1%,94695384.61538464,18.5%,24000000,4.7%,27000000,5.3%,157234515.38461536,30.7%,0,0,157234515.38461536,30.7%,46264615.3846154,12492307.692307694,16701538.461538468,15483076.923076922,2129230.769230769,1624615.3846153845,0,9600000,14400000,0,134400000,0,0
12,4,Cyber Inc.,STABLE,0,0,0.0%,0,0.0%,94301538.46153848,0.0%,22920000,0.0%,18000000,0.0%,-135221538.4615385,0.0%,772615,0,-135994153.4615385,0.0%,43360000.00000001,13169230.769230772,16996923.07692308,16320000.000000002,2240000,2215384.6153846155,0,9720000,13200000,0,122400000,0,0
12,5,Aero Ltd.,STABLE,469656790,195600000,41.6%,274056790,58.4%,95224615.38461539,20.3%,24720000,5.3%,14000000,3.0%,140112174.6153846,29.8%,0,0,140112174.6153846,29.8%,45033846.15384615,11040000,17587692.307692308,16504615.384615386,2350769.230769231,2707692.3076923075,0,10320000,14400000,0,132000000,0,0
12,6,Eco Automotive,STABLE,641586750,252000000,39.3%,389586750,60.7%,88430769.23076923,13.8%,23960000,3.7%,8000000,1.2%,269195980.7692308,42.0%,772615,0,268423365.76923078,41.8%,44196923.07692308,12172307.69230769,10756923.076923076,16800000,2178461.5384615385,2326153.846153846,0,10560000,13400000,0,0,0,0
12,7,Omega Co.,GROWTH,346529370,132000000,38.1%,214529370,61.9%,95113846.15384614,27.4%,23160000,6.7%,28000000,8.1%,68255523.84615386,19.7%,0,0,68255523.84615386,19.7%,44320000,12492307.69230769,18978461.538461536,15827692.30769231,1698461.5384615385,1796923.076923077,0,9960000,13200000,0,129600000,0,0
12,8,Eco Works,STABLE,0,0,0.0%,0,0.0%,97907692.30769232,0.0%,23040000,0.0%,13000000,0.0%,-133947692.30769232,0.0%,0,0,-133947692.30769232,0.0%,46190769.23076924,12836923.076923076,16344615.384615382,17476923.07692308,2350769.230769231,2707692.307692308,0,10440000,12600000,0,0,0,100000000
12,9,Galaxy Automotive,CRISIS,0,0,0.0%,0,0.0%,88886153.84615384,0.0%,22920000,0.0%,0,0.0%,-111806153.84615384,0.0%,800652,0,-112606805.84615384,0.0%,45132307.692307696,11975384.615384612,9218461.538461536,17993846.153846152,2006153.8461538462,2560000,0,9720000,13200000,0,0,0,0
12,10,ガレージアベニュー,GROWTH,1604487813,1444039030,90.0%,160448783,10.0%,42166153.84615385,2.6%,9275000,0.6%,0,0.0%,109007629.15384614,6.8%,0,0,109007629.15384614,6.8%,0,0,2436923.076923077,4812307.692307692,430769.23076923075,1058461.5384615385,33427692.30769231,0,4400000,4875000,0,1938912947,0
12,11,サンシャインランド,GROWTH,489500626,440550563,90.0%,48950063,10.0%,47396923.07692308,9.7%,9615000,2.0%,0,0.0%,-8061860.07692308,-1.6%,0,0,-8061860.07692308,-1.6%,0,0,2055384.6153846155,5636923.076923076,984615.3846153846,1809230.7692307695,36910769.23076923,0,3600000,6015000,0,435080830,0
12,12,サンシャインランド,GROWTH,0,0,0.0%,0,0.0%,44221538.46153846,0.0%,11680000,0.0%,49000000,0.0%,-104901538.46153846,0.0%,0,0,-104901538.46153846,0.0%,0,0,1120000,5870769.230769231,1083076.923076923,984615.3846153846,35163076.92307692,0,4000000,7680000,0,0,0
13,2,Rapid Group,STABLE,386853625,150000000,38.8%,236853625,61.2%,89723076.92307694,23.2%,23920000,6.2%,23000000,5.9%,100210548.07692307,25.9%,0,0,100210548.07692307,25.9%,40873846.15384617,9649230.76923077,17329230.769230768,17181538.461538464,2190769.2307692305,2498461.5384615385,0,9720000,14200000,0,121200000,0,0
13,3,Zenith Industries,GROWTH,0,0,0.0%,0,0.0%,92615384.61538464,0.0%,24000000,0.0%,31000000,0.0%,-147615384.61538464,0.0%,0,0,-147615384.61538464,0.0%,45218461.53846155,11483076.923076922,17760000.000000007,14904615.384615384,2129230.769230769,1120000,0,9600000,14400000,0,132000000,0,0
13,4,Cyber Inc.,STABLE,367857378,151200000,41.1%,216657378,58.9%,92110769.23076923,25.0%,22920000,6.2%,13000000,3.5%,88626608.76923077,24.1%,772615,0,87853993.76923077,23.9%,42190769.23076923,12332307.692307694,17513846.153846152,15618461.53846154,2240000,2215384.6153846155,0,9720000,13200000,0,120000000,0,0
13,5,Aero Ltd.,STABLE,0,0,0.0%,0,0.0%,93083076.92307691,0.0%,24720000,0.0%,18000000,0.0%,-135803076.92307693,0.0%,0,0,-135803076.92307693,0.0%,44516923.07692307,11040000,17206153.846153844,15261538.461538462,2350769.230769231,2707692.3076923075,0,10320000,14400000,0,130800000,0,0
13,6,Eco Automotive,GROWTH,0,0,0.0%,0,0.0%,88898461.53846154,0.0%,23960000,0.0%,29000000,0.0%,-141858461.53846154,0.0%,772615,0,-142631076.53846154,0.0%,43593846.15384616,12172307.69230769,12135384.615384616,16800000,2178461.5384615385,2018461.5384615385,0,10560000,13400000,0,121200000,0,0
13,7,Omega Co.,GROWTH,0,0,0.0%,0,0.0%,94695384.61538461,0.0%,23160000,0.0%,29000000,0.0%,-146855384.6153846,0.0%,0,0,-146855384.6153846,0.0%,43175384.61538461,12024615.384615384,21206153.846153844,14793846.153846156,1698461.5384615385,1796923.076923077,0,9960000,13200000,0,127200000,0,0
13,8,Eco Works,STABLE,0,0,0.0%,0,0.0%,97132307.6923077,0.0%,23040000,0.0%,8000000,0.0%,-128172307.6923077,0.0%,772615,0,-128944922.6923077,0.0%,45415384.61538462,12836923.076923076,16344615.384615382,17476923.07692308,2350769.230769231,2707692.307692308,0,10440000,12600000,0,0,0,0
13,9,Galaxy Automotive,CRISIS,0,0,0.0%,0,0.0%,88283076.92307691,0.0%,22920000,0.0%,0,0.0%,-111203076.92307691,0.0%,800652,0,-112003728.92307691,0.0%,44529230.76923077,11975384.615384612,9218461.538461536,17993846.153846152,2006153.8461538462,2560000,0,9720000,13200000,0,0,0,0
13,10,ガレージアベニュー,GROWTH,626176470,563558823,90.0%,62617647,10.0%,42633846.15384616,6.8%,9275000,1.5%,48000000,7.7%,-37291199.15384616,-6.0%,0,0,-37291199.15384616,-6.0%,0,0,3987692.307692307,4295384.615384615,430769.23076923075,1058461.5384615385,32861538.461538468,0,4400000,4875000,0,78826581,0
13,11,サンシャインランド,GROWTH,325286280,292757652,90.0%,32528628,10.0%,49329230.76923077,15.2%,9615000,3.0%,0,0.0%,-26415602.769230768,-8.1%,0,0,-26415602.769230768,-8.1%,0,0,2055384.6153846155,5636923.076923076,984615.3846153846,1809230.7692307695,38843076.92307692,0,3600000,6015000,0,289030797,0
13,12,サンシャインランド,GROWTH,427565125,384808612,90.0%,42756513,10.0%,43630769.23076923,10.2%,11680000,2.7%,0,0.0%,-12554256.230769232,-2.9%,0,0,-12554256.230769232,-2.9%,0,0,1612307.6923076923,5181538.461538462,1083076.923076923,984615.3846153846,34769230.76923077,0,4000000,7680000,0,386853625,0
